<BackupInst xmlns="http://www.microsoft.com/GroupPolicy/GPOOperations/Manifest"><GPOGuid><![CDATA[{08F55E21-313A-407C-B55B-B22B4BE24D58}]]></GPOGuid><GPODomain><![CDATA[LSJ.LOCAL]]></GPODomain><GPODomainGuid><![CDATA[{31bfd9a3-d231-4a2f-bc24-8562024b1534}]]></GPODomainGuid><GPODomainController><![CDATA[LSJ-DC01.LSJ.LOCAL]]></GPODomainController><BackupTime><![CDATA[2025-12-18T16:20:18]]></BackupTime><ID><![CDATA[{A806083D-AB0A-4A33-B009-081B64F0A72D}]]></ID><Comment><![CDATA[WSUS GPOs]]></Comment><GPODisplayName><![CDATA[WSUS Update Policy]]></GPODisplayName></BackupInst>
