<BackupInst xmlns="http://www.microsoft.com/GroupPolicy/GPOOperations/Manifest"><GPOGuid><![CDATA[{C8D97D0C-F8B3-41F0-833E-B2F7B5512889}]]></GPOGuid><GPODomain><![CDATA[LSJ.LOCAL]]></GPODomain><GPODomainGuid><![CDATA[{31bfd9a3-d231-4a2f-bc24-8562024b1534}]]></GPODomainGuid><GPODomainController><![CDATA[LSJ-DC01.LSJ.LOCAL]]></GPODomainController><BackupTime><![CDATA[2025-12-18T16:20:18]]></BackupTime><ID><![CDATA[{D1E8733B-4D86-428E-9B2D-C310CE37BFED}]]></ID><Comment><![CDATA[WSUS GPOs]]></Comment><GPODisplayName><![CDATA[WSUS Outbound Allow]]></GPODisplayName></BackupInst>
